Workbook

Sheet Outreach List
A1: Company | B1: Category | C1: City | D1: State | E1: Website | F1: Phone / Email | G1: Notes | H1: Status | I1: Last Contacted
A2: Fête Nashville | B2: Wedding planner | C2: Nashville | D2: TN | E2: https://fetenashville.com | G2: Luxury wedding planning firm, 15+ yrs | H2: Not contacted
A3: Laurie D'Anne Events | B3: Wedding planner | C3: Nashville | D3: TN | E3: https://lauriedeanneevents.com | G3: Luxury weddings + corporate, 17+ yrs | H3: Not contacted
A4: AmosEvents | B4: Wedding planner | C4: Nashville | D4: TN | G4: Award-winning; weddings, corporate, galas | H4: Not contacted
A5: H Three Events | B5: Wedding planner | C5: Nashville | D5: TN | G5: Weddings, corporate, parties (Hugh Howser) | H5: Not contacted
A6: Magnolia Wedding Company | B6: Wedding planner | C6: Nashville | D6: TN | G6: Full-service wedding planning | H6: Not contacted
A7: Southern Bella Events | B7: Wedding planner | C7: Nashville | D7: TN | G7: Middle TN weddings (Franklin, Leiper's Fork) | H7: Not contacted
A8: Siena & Co. Events | B8: Wedding planner | C8: Nashville | D8: TN | G8: Middle TN weddings | H8: Not contacted
A9: Vision in White Events | B9: Wedding planner | C9: Nashville | D9: TN | G9: Wedding/event coordination team | H9: Not contacted
A10: Big Events, Inc. | B10: Event planner / DMC | C10: Nashville | D10: TN | E10: https://bigeventsinc.com | G10: Corporate event planning + DMC, 25+ yrs | H10: Not contacted
A11: AMP Event Group (Nashville) | B11: Event planner / DMC | C11: Nashville | D11: TN | E11: https://amp-events.com | G11: DMC + corporate event production | H11: Not contacted
A12: Music City Events | B12: Event planner / DMC | C12: Nashville | D12: TN | E12: https://musiccityevents.net | G12: Corporate conferences, retreats, incentives | H12: Not contacted
A13: Cohera | B13: Event planner / DMC | C13: Nashville | D13: TN | E13: https://meetcohera.com | G13: Destination event planning, corporate retreats | H13: Not contacted
A14: Well-Planned Events | B14: Event planner / DMC | C14: Nashville | D14: TN | E14: https://wellplannedevents.com | G14: Destination management, custom hospitality | H14: Not contacted
A15: Latitude Longitude DMC | B15: Event planner / DMC | C15: Nashville | D15: TN | E15: https://bycrave.com | G15: DMC; conventions, corporate, weddings | H15: Not contacted
A16: Destination Musick City | B16: Event planner / DMC | C16: Nashville | D16: TN | E16: https://destinationmusickcity.com | G16: Full-service DMC | H16: Not contacted
A17: The Nashville Booking Agency | B17: Entertainment agency | C17: Nashville | D17: TN | E17: https://nashvillebookingagency.com | G17: Books talent for corporate/private events | H17: Not contacted
A18: EastCoast Entertainment (Nashville) | B18: Entertainment agency | C18: Nashville | D18: TN | E18: https://bookece.com | G18: Large agency; weddings + corporate | H18: Not contacted
A19: Tsunami Entertainment | B19: Entertainment agency | C19: Nashville | D19: TN | E19: https://tsunamientertainment.com | G19: Weddings, holiday parties, corporate | H19: Not contacted
A20: Spangler Entertainment | B20: Entertainment agency | C20: Nashville | D20: TN | E20: https://spanglerentertainment.com | G20: Event production; books live entertainment | H20: Not contacted
A21: Premier | The Entertainment Company | B21: Entertainment agency | C21: Nashville | D21: TN | E21: https://requestpremier.com | G21: 30 yrs; weddings, corporate, private | H21: Not contacted
... A25: Lovely Event Co. | B25: Wedding planner | C25: Fort Worth | D25: TX | E25: https://lovelyeventco.com | G25: Dallas + Fort Worth weddings | H25: Not contacted
A26: Everything Bridal | B26: Wedding planner | C26: Fort Worth | D26: TX | G26: Multi-tier wedding planning | H26: Not contacted
A27: Treasured Heart Events | B27: Wedding planner | C27: Fort Worth | D27: TX | G27: Boutique wedding planning | H27: Not contacted
A28: Wineglass Events | B28: Wedding planner | C28: Fort Worth | D28: TX | G28: Weddings since 2000 | H28: Not contacted
A29: Morgan Taylor Events | B29: Wedding planner | C29: Fort Worth | D29: TX | G29: Wedding planning | H29: Not contacted
A30: Perstefani's Weddings & Events | B30: Wedding planner | C30: Fort Worth | D30: TX | G30: Weddings + celebrations | H30: Not contacted
A31: Sunshine and Moonlight Events | B31: Event planner / DMC | C31: Fort Worth | D31: TX | G31: Weddings, corporate meetings, nonprofits | H31: Not contacted
A32: CM Promotions | B32: Event planner / DMC | C32: Fort Worth | D32: TX | E32: https://cmpromotions.co | G32: DFW weddings + corporate packages | H32: Not contacted
A33: Total Events DFW | B33: Event planner / DMC | C33: Fort Worth | D33: TX | E33: https://totaleventsdfw.com | G33: 20+ yrs; corporate; books entertainment | H33: Not contacted
A34: Brilliant Events, Inc. | B34: Event planner / DMC | C34: Fort Worth | D34: TX | E34: https://brillianteventsinc.com | G34: Corporate parties across major TX cities | H34: Not contacted
A35: B3 Entertainment Productions | B35: Entertainment agency | C35: Fort Worth | D35: TX | E35: https://b3talent.com | G35: Performers for DFW corporate/private events | H35: Not contacted
A36: THEY improv (DFW) | B36: Entertainment agency | C36: Fort Worth | D36: TX | E36: https://theyimprov.com | G36: Comedy/game-show corporate entertainment | H36: Not contacted
A37: Interactive Entertainment Group (DFW) | B37: Entertainment agency | C37: Fort Worth | D37: TX | E37: https://interactiveparty.com | G37: Interactive corporate entertainment, full metroplex | H37: Not contacted
A38: Pearl Events Austin | B38: Wedding planner | C38: Austin | D38: TX | G38: Top-rated Austin wedding planning | H38: Not contacted
A39: Austin Weddings by Corinna | B39: Wedding planner | C39: Austin | D39: TX | G39: CWP-certified; corporate background | H39: Not contacted
A40: Malleret Designs | B40: Wedding planner | C40: Austin | D40: TX | G40: Luxury weddings; Austin + destination | H40: Not contacted
A41: Yellow Umbrella Events & Design | B41: Wedding planner | C41: Austin | D41: TX | G41: Weddings, corporate, parties | H41: Not contacted
A42: Toast Entertainment (Austin) | B42: Wedding planner | C42: Austin | D42: TX | E42: https://toastent.com | G42: Wedding coordination + DJ/entertainment | H42: Not contacted
A43: Plan On It | B43: Event planner / DMC | C43: Austin | D43: TX | E43: https://eventagency.planonitatx.com | G43: Corporate event planners + Austin DMC | H43: Not contacted
A44: Fifth Street DMC | B44: Event planner / DMC | C44: Austin | D44: TX | E44: https://fifthstreetdmc.com | G44: Austin's leading DMC since 1999; books entertainment | H44: Not contacted
A45: Greater Austin Events | B45: Event planner / DMC | C45: Austin | D45: TX | G45: Corporate + private; live entertainment | H45: Not contacted
A46: LennsFest Events | B46: Event planner / DMC | C46: Austin | D46: TX | G46: Corporate, sporting, social events | H46: Not contacted
A47: Austin's Elite Events | B47: Event planner / DMC | C47: Austin | D47: TX | E47: https://wehelpyouparty.com | G47: Party/event services | H47: Not contacted
A48: Event Production Services | B48: Event planner / DMC | C48: Austin | D48: TX | E48: https://epstx.net | G48: Production + talent booking (ACL, Austin FC) | H48: Not contacted
A49: Bash ATX | B49: Event planner / DMC | C49: Austin | D49: TX | G49: Party & event planning | H49: Not contacted
A50: Clearly Classy Events | B50: Event planner / DMC | C50: Austin | D50: TX | G50: Party & event planning | H50: Not contacted
A51: Altus Entertainment (Austin) | B51: Entertainment agency | C51: Austin | D51: TX | E51: https://altusentertainment.com | G51: Talent agency; booking + live event mgmt | H51: Not contacted
A52: Keestone Events | B52: Wedding planner | C52: Dallas | D52: TX | E52: https://keestoneevents.com | G52: Luxury weddings + corporate since 2013 | H52: Not contacted
A53: Significant Events of Texas | B53: Wedding planner | C53: Dallas | D53: TX | E53: https://significanteventsoftexas.com | G53: Weddings + events since 2010 | H53: Not contacted
A54: Complete Weddings + Events (Dallas) | B54: Wedding planner | C54: Dallas | D54: TX | G54: Weddings; DJ, photo, coordination | H54: Not contacted
A55: Bespoke Life | B55: Event planner / DMC | C55: Dallas | D55: TX | E55: https://bespokelifeco.com | G55: Luxury private + executive events | H55: Not contacted
A56: BRB Event Management | B56: Event planner / DMC | C56: Dallas | D56: TX | G56: Corporate; Fortune 500 clients | H56: Not contacted
A57: Social Llama Events | B57: Event planner / DMC | C57: Dallas | D57: TX | G57: Experiential design/production (Richardson) | H57: Not contacted
A58: Trifecta Event Management | B58: Event planner / DMC | C58: Dallas | D58: TX | G58: Corporate consulting + management | H58: Not contacted
A59: Shreeda Events | B59: Event planner / DMC | C59: Dallas | D59: TX | E59: https://shreedaevents.com | G59: Corporate + wedding planning | H59: Not contacted
A60: RM Events | B60: Event planner / DMC | C60: Dallas | D60: TX | G60: Destination + corporate events | H60: Not contacted
A61: J.Shay Event Solutions | B61: Event planner / DMC | C61: Dallas | D61: TX | G61: Corporate agency; conferences, incentives | H61: Not contacted
A62: The Event Lounge | B62: Event planner / DMC | C62: Dallas | D62: TX | G62: Corporate full-service incl. activations | H62: Not contacted
A63: Applause Productions | B63: Entertainment agency | C63: Dallas | D63: TX | E63: https://applauseproductions.com | G63: Entertainment + full-service agency | H63: Not contacted
A64: Mark Sonder Productions (Dallas) | B64: Entertainment agency | C64: Dallas | D64: TX | E64: https://marksonderproductions.com | G64: Corporate talent booking, 40+ yrs | H64: Not contacted
A65: Bravo Entertainment | B65: Entertainment agency | C65: Dallas | D65: TX | E65: https://bravoentertainment.com | G65: 35 yrs; corporate + DMC productions | H65: Not contacted
A66: 45 Collective | B66: Entertainment agency | C66: Dallas | D66: TX | E66: https://45collective.com | G66: Premium booking; galas, activations | H66: Not contacted
A67: Two Be Wed | B67: Wedding planner | C67: Houston | D67: TX | G67: Voted top wedding planner in Texas (Brides) | H67: Not contacted
A68: Elias Events | B68: Wedding planner | C68: Houston | D68: TX | G68: Premier planner since 1998; HBJ Top Ten | H68: Not contacted
A69: Belle Events | B69: Wedding planner | C69: Houston | D69: TX | E69: https://belleevents.com | G69: Luxury events 20+ yrs; weddings + corporate | H69: Not contacted
A70: The Majestic Wedding | B70: Wedding planner | C70: Houston | D70: TX | G70: Wedding coordination + vendor network | H70: Not contacted
A71: Sullivan Group | B71: Event planner / DMC | C71: Houston | D71: TX | G71: Event marketing, meetings, DMC needs | H71: Not contacted
A72: Houston Event Planning | B72: Event planner / DMC | C72: Houston | D72: TX | E72: https://houstoneventplanning.com | G72: Turnkey corporate, weddings, casino parties | H72: Not contacted
A73: Coterie Spark | B73: Event planner / DMC | C73: Houston | D73: TX | G73: Meetings, conferences, incentive travel | H73: Not contacted
A74: Turn To Productions | B74: Event planner / DMC | C74: Houston | D74: TX | G74: Event production, entertainment focus | H74: Not contacted
A75: The Trade Entertainment | B75: Entertainment agency | C75: Houston | D75: TX | E75: https://thetradeentertainment.com | G75: 20+ yrs; books specialty + interactive acts | H75: Not contacted
A76: Show Business Entertainment | B76: Entertainment agency | C76: Houston | D76: TX | E76: https://showbusinessonline.com | G76: Since 1982; bands, DJs, variety acts | H76: Not contacted
A77: Gulf Coast Entertainment | B77: Entertainment agency | C77: Houston | D77: TX | E77: https://gulfcoastentertainment.com | G77: 45+ yrs; weddings a specialty | H77: Not contacted
A78: EastCoast Entertainment (Houston) | B78: Entertainment agency | C78: Houston | D78: TX | E78: https://bookece.com | G78: Works with top Houston venues/clubs | H78: Not contacted
A79: Headline Booking (Houston) | B79: Entertainment agency | C79: Houston | D79: TX | E79: https://headlinebooking.com | G79: Corporate + private event booking | H79: Not contacted
A80: Entertainment Houston (Adams & Green) | B80: Entertainment agency | C80: Houston | D80: TX | E80: https://entertainmenthouston.com | G80: Party bands + entertainment since 1972 | H80: Not contacted
A81: Houston Luxury Events | B81: Entertainment agency | C81: Houston | D81: TX | E81: https://houstonluxuryevents.com | G81: Wedding + corporate DJs/entertainment | H81: Not contacted
A82: Calluna Events | B82: Wedding planner | C82: Denver | D82: CO | E82: https://callunaevents.com | G82: Denver/Boulder + destination weddings | H82: Not contacted
A83: Pink Champagne Events | B83: Wedding planner | C83: Denver | D83: CO | E83: https://pinkchampagneevents.com | G83: Luxury weddings; Denver, Vail, Aspen | H83: Not contacted
A84: The Married Co. | B84: Wedding planner | C84: Denver | D84: CO | G84: CO/WY + destination weddings | H84: Not contacted
A85: Peak Perfection | B85: Wedding planner | C85: Denver | D85: CO | E85: https://peakperfection.com | G85: Weddings + corporate, mountain destinations | H85: Not contacted
A86: MAG Events | B86: Event planner / DMC | C86: Denver | D86: CO | E86: https://mag-events.com | G86: Full-service; weddings + corporate + floral | H86: Not contacted
A87: John Tobey Events | B87: Event planner / DMC | C87: Denver | D87: CO | E87: https://johntobeyevents.com | G87: Luxury weddings, galas, corporate | H87: Not contacted
A88: RMC (Rocky Mountain Connections) | B88: Event planner / DMC | C88: Denver | D88: CO | E88: https://rmcdmc.com | G88: Destination event management | H88: Not contacted
A89: Mountain Occasions | B89: Event planner / DMC | C89: Denver | D89: CO | G89: Corporate + luxury; international destination | H89: Not contacted
A90: Talent Denver | B90: Entertainment agency | C90: Denver | D90: CO | E90: https://talentdenver.com | F90: (303) 578-9463 | G90: 30+ yrs talent agency + event coordination | H90: Not contacted
A91: Interaction Denver | B91: Entertainment agency | C91: Denver | D91: CO | E91: https://interactiondenver.com | F91: letsrock@interactiondenver.com | G91: Corporate DJ/emcee, casino nights, 35+ yrs | H91: Not contacted
A92: 5 Star Talent & Entertainment | B92: Entertainment agency | C92: Denver | D92: CO | E92: https://5staracts.com | F92: (303) 635-1210 | G92: Speakers, emcees, acts for corporate | H92: Not contacted
A93: Art of Air Entertainment | B93: Entertainment agency | C93: Denver | D93: CO | E93: https://artofairentertainment.com | G93: Experiential/specialty acts for corporate | H93: Not contacted
A94: Interactive Entertainment Group (Denver) | B94: Entertainment agency | C94: Denver | D94: CO | E94: https://interactiveparty.com | G94: Team building + interactive corporate | H94: Not contacted
A95: Moments Notice & Company | B95: Entertainment agency | C95: Denver | D95: CO | G95: Entertainment for corporate dinners/events | H95: Not contacted
A96: Sally Arnold Events | B96: Wedding planner | C96: Phoenix | D96: AZ | E96: https://sallyarnoldevents.com | G96: Top PHX/Scottsdale design + coordination | H96: Not contacted
A97: Imoni Events | B97: Wedding planner | C97: Phoenix | D97: AZ | G97: AZ premier planner; social + corporate | H97: Not contacted
A98: Revel Wedding Co. | B98: Wedding planner | C98: Phoenix | D98: AZ | E98: https://revelweddingco.com | G98: Scottsdale luxury weddings | H98: Not contacted
A99: Laki Events + Design | B99: Wedding planner | C99: Phoenix | D99: AZ | G99: Scottsdale wedding planning | H99: Not contacted
A100: Mandy Marie Events | B100: Wedding planner | C100: Phoenix | D100: AZ | G100: Luxury weddings, Scottsdale offices | H100: Not contacted
A101: Ebeling Events | B101: Wedding planner | C101: Phoenix | D101: AZ | E101: https://ebelingevents.com | G101: Weddings across Arizona | H101: Not contacted
A102: Gatherings by Elle | B102: Wedding planner | C102: Phoenix | D102: AZ | G102: Scottsdale/PHX full-service weddings | H102: Not contacted
A103: Party Masters Events + Services | B103: Event planner / DMC | C103: Phoenix | D103: AZ | E103: https://partymastersaz.com | G103: Corporate + weddings since 2004; music ent. | H103: Not contacted
...

Sheet Summary
A1: Outreach targets by city
A3: City | B3: Wedding planners | C3: Event planners / DMCs | D3: Entertainment agencies | E3: Total
A4: Nashville | B4: =COUNTIFS('Outreach List'!$C:$C,$A4,'Outreach List'!$B:$B,"Wedding planner") -> 8 | C4: =COUNTIFS('Outreach List'!$C:$C,$A4,'Outreach List'!$B:$B,"Event planner / DMC") -> 7 | D4: =COUNTIFS('Outreach List'!$C:$C,$A4,'Outreach List'!$B:$B,"Entertainment agency") -> 5 | E4: =SUM(B4:D4) -> 20
A5: Fort Worth | B5: =COUNTIFS('Outreach List'!$C:$C,$A5,'Outreach List'!$B:$B,"Wedding planner") -> 9 | C5: =COUNTIFS('Outreach List'!$C:$C,$A5,'Outreach List'!$B:$B,"Event planner / DMC") -> 4 | D5: =COUNTIFS('Outreach List'!$C:$C,$A5,'Outreach List'!$B:$B,"Entertainment agency") -> 3 | E5: =SUM(B5:D5) -> 16
A6: Austin | B6: =COUNTIFS('Outreach List'!$C:$C,$A6,'Outreach List'!$B:$B,"Wedding planner") -> 5 | C6: =COUNTIFS('Outreach List'!$C:$C,$A6,'Outreach List'!$B:$B,"Event planner / DMC") -> 8 | D6: =COUNTIFS('Outreach List'!$C:$C,$A6,'Outreach List'!$B:$B,"Entertainment agency") -> 1 | E6: =SUM(B6:D6) -> 14
A7: Dallas | B7: =COUNTIFS('Outreach List'!$C:$C,$A7,'Outreach List'!$B:$B,"Wedding planner") -> 3 | C7: =COUNTIFS('Outreach List'!$C:$C,$A7,'Outreach List'!$B:$B,"Event planner / DMC") -> 8 | D7: =COUNTIFS('Outreach List'!$C:$C,$A7,'Outreach List'!$B:$B,"Entertainment agency") -> 4 | E7: =SUM(B7:D7) -> 15
A8: Houston | B8: =COUNTIFS('Outreach List'!$C:$C,$A8,'Outreach List'!$B:$B,"Wedding planner") -> 4 | C8: =COUNTIFS('Outreach List'!$C:$C,$A8,'Outreach List'!$B:$B,"Event planner / DMC") -> 4 | D8: =COUNTIFS('Outreach List'!$C:$C,$A8,'Outreach List'!$B:$B,"Entertainment agency") -> 7 | E8: =SUM(B8:D8) -> 15
A9: Denver | B9: =COUNTIFS('Outreach List'!$C:$C,$A9,'Outreach List'!$B:$B,"Wedding planner") -> 4 | C9: =COUNTIFS('Outreach List'!$C:$C,$A9,'Outreach List'!$B:$B,"Event planner / DMC") -> 4 | D9: =COUNTIFS('Outreach List'!$C:$C,$A9,'Outreach List'!$B:$B,"Entertainment agency") -> 6 | E9: =SUM(B9:D9) -> 14
A10: Phoenix | B10: =COUNTIFS('Outreach List'!$C:$C,$A10,'Outreach List'!$B:$B,"Wedding planner") -> 7 | C10: =COUNTIFS('Outreach List'!$C:$C,$A10,'Outreach List'!$B:$B,"Event planner / DMC") -> 4 | D10: =COUNTIFS('Outreach List'!$C:$C,$A10,'Outreach List'!$B:$B,"Entertainment agency") -> 3 | E10: =SUM(B10:D10) -> 14
A11: Atlanta | B11: =COUNTIFS('Outreach List'!$C:$C,$A11,'Outreach List'!$B:$B,"Wedding planner") -> 3 | C11: =COUNTIFS('Outreach List'!$C:$C,$A11,'Outreach List'!$B:$B,"Event planner / DMC") -> 6 | D11: =COUNTIFS('Outreach List'!$C:$C,$A11,'Outreach List'!$B:$B,"Entertainment agency") -> 8 | E11: =SUM(B11:D11) -> 17
A12: Charlotte | B12: =COUNTIFS('Outreach List'!$C:$C,$A12,'Outreach List'!$B:$B,"Wedding planner") -> 7 | C12: =COUNTIFS('Outreach List'!$C:$C,$A12,'Outreach List'!$B:$B,"Event planner / DMC") -> 7 | D12: =COUNTIFS('Outreach List'!$C:$C,$A12,'Outreach List'!$B:$B,"Entertainment agency") -> 4 | E12: =SUM(B12:D12) -> 18
A13: Las Vegas | B13: =COUNTIFS('Outreach List'!$C:$C,$A13,'Outreach List'!$B:$B,"Wedding planner") -> 3 | C13: =COUNTIFS('Outreach List'!$C:$C,$A13,'Outreach List'!$B:$B,"Event planner / DMC") -> 9 | D13: =COUNTIFS('Outreach List'!$C:$C,$A13,'Outreach List'!$B:$B,"Entertainment agency") -> 1 | E13: =SUM(B13:D13) -> 13
A14: Total | B14: =SUM(B4:B13) -> 53 | C14: =SUM(C4:C13) -> 61 | D14: =SUM(D4:D13) -> 42 | E14: =SUM(E4:E13) -> 156
A16: Note: companies verified via web research July 2026. Blank websites = confirm via a quick search of the company name + city.
